source_path,sku,asset_type,width_px,height_px,sha256,erp_item_found,variant_of,image,custom_swatch_image,modified,native_barcode_sha256
"窗帘\缩略图\SH151046-09.png","SH151046-09","thumbnail","160","160","2eff443333f7efa5f609ebbfb29b5622313e3e91cf021deddeaea0c9b998f3f9","yes","SH151046","/files/SH1510468bece58bece5.png","","2026-09-19 23:16:39.726973","e3b0c44298fc1c149afbf4c8996fb92427ae41e4649b934ca495991b7852b855"
"窗帘\缩略图\SH151046-10.png","SH151046-10","thumbnail","160","160","5e6f553a6240318146748a1d6754fe32326abaa7621ffebfc48423c27a0532b0","yes","SH151046","/files/SH1510468bece58bece5.png","","2026-09-19 23:16:39.754931","e3b0c44298fc1c149afbf4c8996fb92427ae41e4649b934ca495991b7852b855"
"窗帘\缩略图\SH151046-11.png","SH151046-11","thumbnail","160","160","a00ca6f1db0b8a3b8fd96e43b1e5116cca8f3cbc3aef1e32f1f7a22981b75453","yes","SH151046","/files/SH1510468bece58bece5.png","","2026-09-19 23:16:39.781039","e3b0c44298fc1c149afbf4c8996fb92427ae41e4649b934ca495991b7852b855"
"窗帘\缩略图\SH151046-19.png","SH151046-19","thumbnail","160","160","1dfb1b5715676c44de2b46690181f68c0d01aa1941d26dbdf6e235f5373494af","yes","SH151046","/files/SH1510468bece58bece5.png","","2026-09-19 23:16:39.805881","e3b0c44298fc1c149afbf4c8996fb92427ae41e4649b934ca495991b7852b855"
"窗帘\缩略图\SH151046-21.png","SH151046-21","thumbnail","160","160","f61e42b25178ceb212b3d7eeaa33f83a1d9546fedda46898ed754a3b31f4523b","yes","SH151046","/files/SH1510468bece58bece5.png","","2026-09-19 23:16:39.833203","e3b0c44298fc1c149afbf4c8996fb92427ae41e4649b934ca495991b7852b855"
"窗帘\缩略图\SH151046-27.png","SH151046-27","thumbnail","160","160","1fa5a74a2808dbde46a2601a62f2879290fbb6c9045c69d43162b5ac1c34458c","yes","SH151046","/files/SH1510468bece58bece5.png","","2026-09-19 23:16:39.857718","e3b0c44298fc1c149afbf4c8996fb92427ae41e4649b934ca495991b7852b855"
"窗帘\缩略图\SH151046-34.png","SH151046-34","thumbnail","160","160","6a2d0ddd036fdc06ce46f063ff77b253361368d80405706d1847a182a327ec13","yes","SH151046","/files/SH1510468bece58bece5.png","","2026-09-19 23:16:39.883215","e3b0c44298fc1c149afbf4c8996fb92427ae41e4649b934ca495991b7852b855"
"窗帘\缩略图\SH151046-37.png","SH151046-37","thumbnail","160","160","07892a5d16386effaf00b496963e0d757a24beae075aed71097ef4fa6e360520","yes","SH151046","/files/SH1510468bece58bece5.png","","2026-09-19 23:16:39.907324","e3b0c44298fc1c149afbf4c8996fb92427ae41e4649b934ca495991b7852b855"
"窗帘\缩略图\SH151046-43.png","SH151046-43","thumbnail","160","160","a706a67cc5261e52fcb80485f0fd1e6c439331cef36ebe9f4de5ad6bb9b9ac93","yes","SH151046","/files/SH1510468bece58bece5.png","","2026-09-19 23:16:39.933678","e3b0c44298fc1c149afbf4c8996fb92427ae41e4649b934ca495991b7852b855"
"窗帘\缩略图\SH151046-44.png","SH151046-44","thumbnail","160","160","ffe277ebd4e7cb68cc8da9e2c7f39e890a1702ab991589f0775053ccd9556ceb","yes","SH151046","/files/SH1510468bece58bece5.png","","2026-09-19 23:16:39.959836","e3b0c44298fc1c149afbf4c8996fb92427ae41e4649b934ca495991b7852b855"
"窗帘\缩略图\SH151060-04.png","SH151060-04","thumbnail","160","160","94e6eb7987bd06d95401dd07e99141954faefb33cf057c36ea1f00422ca3e47f","no","","","","",""
"窗帘\缩略图\SH151060-06.png","SH151060-06","thumbnail","160","160","0b6ede47de6b3d3d9636301dd8db20200c523d2436d687fbc5fb29db3780140d","no","","","","",""
"窗帘\缩略图\SH151060-07.png","SH151060-07","thumbnail","160","160","798325852b48da4636c075bb1fa6113b6c553bcd58b36c2de235831f044834d1","no","","","","",""
"窗帘\缩略图\SH151060-09.png","SH151060-09","thumbnail","160","160","9294ec3752106de47b912340e5fe8e8be123412f0b604fefa989d6da550827b4","no","","","","",""
"窗帘\缩略图\SH151060-11.png","SH151060-11","thumbnail","160","160","f1433f50743671f560feac413da9e0f18bfe40cf7c8ed55457aceb5e5cb0b068","no","","","","",""
"窗帘\缩略图\SH151060-13.png","SH151060-13","thumbnail","160","160","e6f2034c9eb0eae80c7d8e4f094a7d0ed18ab4d96f2c63d58852bde316e5a27a","no","","","","",""
"窗帘\缩略图\SH151060-14.png","SH151060-14","thumbnail","160","160","d9a0368308788105458f86251e2b1d0af8cbafced2a2ed5a838654386c11c7f7","no","","","","",""
"窗帘\缩略图\SH151060-15.png","SH151060-15","thumbnail","160","160","c084c7f61ee9f874610134ab476f948272c555fa1b4aab260ea70805f6eb60f3","no","","","","",""
"窗帘\缩略图\SH151060-16.png","SH151060-16","thumbnail","160","160","9aa901c0b216448798bfc00a2fedcde7038a890609a02c00a0e1e75f9fc6e01b","no","","","","",""
"窗帘\缩略图\SH151060-20.png","SH151060-20","thumbnail","160","160","965e3a2449e25a4a1d5f9485ad102b2f18b3f9fc39eedccab4d464568a7f5974","no","","","","",""
"窗帘\缩略图\SH151107-01.png","SH151107-01","thumbnail","160","160","9f03e76f28e0c296a5037da41d006397c59cecce72583aa3ffaf5f8f6409b310","yes","SH151107","/files/SH15110787732e87732e.png","","2026-09-19 23:16:39.984775","e3b0c44298fc1c149afbf4c8996fb92427ae41e4649b934ca495991b7852b855"
"窗帘\缩略图\SH151107-02.png","SH151107-02","thumbnail","160","160","17814a1451229a833b820ec613b49f74836d5f392b8bc552c4c247a4bf2b1753","yes","SH151107","/files/SH15110787732e87732e.png","","2026-09-19 23:16:40.010595","e3b0c44298fc1c149afbf4c8996fb92427ae41e4649b934ca495991b7852b855"
"窗帘\缩略图\SH151107-03.png","SH151107-03","thumbnail","160","160","7e17126d052cb1ba9452bd5b8e1e29272f82d1665ef28ea293c82d0e6fb38480","yes","SH151107","/files/SH15110787732e87732e.png","","2026-09-19 23:16:40.034784","e3b0c44298fc1c149afbf4c8996fb92427ae41e4649b934ca495991b7852b855"
"窗帘\缩略图\SH151107-04.png","SH151107-04","thumbnail","160","160","bf71a33a56326f5d4b58ed3262051d0dd93c6749cd215602d8553aaf4942c53a","yes","SH151107","/files/SH15110787732e87732e.png","","2026-09-19 23:16:40.060120","e3b0c44298fc1c149afbf4c8996fb92427ae41e4649b934ca495991b7852b855"
"窗帘\缩略图\SH151107-05.png","SH151107-05","thumbnail","160","160","15270ab309eb26241b73abe39b6383cf1d19faacd0d04d69936bf9755cf38ad9","yes","SH151107","/files/SH15110787732e87732e.png","","2026-09-19 23:16:40.084868","e3b0c44298fc1c149afbf4c8996fb92427ae41e4649b934ca495991b7852b855"
"窗帘\缩略图\SH151107-06.png","SH151107-06","thumbnail","160","160","10ed7ab694d45ceea1b77176f47c205e6e3a90dcd21728bef6e6a74c10ba4650","yes","SH151107","/files/SH15110787732e87732e.png","","2026-09-19 23:16:40.113361","e3b0c44298fc1c149afbf4c8996fb92427ae41e4649b934ca495991b7852b855"
"窗帘\缩略图\SH151107-07.png","SH151107-07","thumbnail","160","160","37184ad40cff86a6ddd4ab2db8f80148f3f69a6c518d55073e847448ed047bc3","yes","SH151107","/files/SH15110787732e87732e.png","","2026-09-19 23:16:40.138952","e3b0c44298fc1c149afbf4c8996fb92427ae41e4649b934ca495991b7852b855"
"窗帘\缩略图\SH151107-08.png","SH151107-08","thumbnail","160","160","74365bb307cb0f5fdacfaeea852a65e81ea228ae7dc1d6cf93eaa2e881496117","yes","SH151107","/files/SH15110787732e87732e.png","","2026-09-19 23:16:40.164162","e3b0c44298fc1c149afbf4c8996fb92427ae41e4649b934ca495991b7852b855"
"窗帘\缩略图\SH151107-09.png","SH151107-09","thumbnail","160","160","9194e1b4e159b551ae0c6106d39e7fdd7cbdfe9a1901499b6d8b7084b60ae70a","yes","SH151107","/files/SH15110787732e87732e.png","","2026-09-19 23:16:40.190127","e3b0c44298fc1c149afbf4c8996fb92427ae41e4649b934ca495991b7852b855"
"窗帘\缩略图\SH151107-10.png","SH151107-10","thumbnail","160","160","0de79f816822011e74152932cce6b41b1ae67723f8100a93dd214a70cf47f759","yes","SH151107","/files/SH15110787732e87732e.png","","2026-09-19 23:16:40.215524","e3b0c44298fc1c149afbf4c8996fb92427ae41e4649b934ca495991b7852b855"
"窗帘\缩略图\SH151107-11.png","SH151107-11","thumbnail","160","160","dfc3b64adede03fdda94954bec41e39f0a956a898e5590ff4dcc49e3808aa448","yes","SH151107","/files/SH15110787732e87732e.png","","2026-09-19 23:16:40.241083","e3b0c44298fc1c149afbf4c8996fb92427ae41e4649b934ca495991b7852b855"
"窗帘\缩略图\SH151107-12.png","SH151107-12","thumbnail","160","160","4c82c95d383399faeeb72aad193a222d374f87aa5d1a1a4a739c0948cec17ce6","yes","SH151107","/files/SH15110787732e87732e.png","","2026-09-19 23:16:40.268755","e3b0c44298fc1c149afbf4c8996fb92427ae41e4649b934ca495991b7852b855"
"窗帘\缩略图\SH151107-13.png","SH151107-13","thumbnail","160","160","c843aef7126caaf9958635ab6c426b39f951998da2697cd9c2cb78bd19ca0442","yes","SH151107","/files/SH15110787732e87732e.png","","2026-09-19 23:16:40.296954","e3b0c44298fc1c149afbf4c8996fb92427ae41e4649b934ca495991b7852b855"
"窗帘\缩略图\SH151107-14.png","SH151107-14","thumbnail","160","160","742f3ea2af35cd5d794557793504f0b28ac15d7ecf60ff1ff7fe05ab0d356bbf","yes","SH151107","/files/SH15110787732e87732e.png","","2026-09-19 23:16:40.323104","e3b0c44298fc1c149afbf4c8996fb92427ae41e4649b934ca495991b7852b855"
"窗帘\缩略图\SH151107-15.png","SH151107-15","thumbnail","160","160","c9b5bf25f03b282fc85ae750750ada020bcab1274810057695b0c9c41866d800","yes","SH151107","/files/SH15110787732e87732e.png","","2026-09-19 23:16:40.348259","e3b0c44298fc1c149afbf4c8996fb92427ae41e4649b934ca495991b7852b855"
"窗帘\缩略图\SH151107-16.png","SH151107-16","thumbnail","160","160","bbab5b2ed124cb0e9c33cb9a7bba1fb874d066a71a46cbb335a98e148d0402e0","yes","SH151107","/files/SH15110787732e87732e.png","","2026-09-19 23:16:40.373054","e3b0c44298fc1c149afbf4c8996fb92427ae41e4649b934ca495991b7852b855"
"窗帘\缩略图\SH151107-17.png","SH151107-17","thumbnail","160","160","125191b1efdc51b726e254b4d97d4bfc1d1125109e16680fab2d0bb1d406993f","yes","SH151107","/files/SH15110787732e87732e.png","","2026-09-19 23:16:40.399862","e3b0c44298fc1c149afbf4c8996fb92427ae41e4649b934ca495991b7852b855"
"窗帘\缩略图\SH151107-18.png","SH151107-18","thumbnail","160","160","f922e0ea88e47c180ba5a267b2f3cd8a2fcf02972b95a9a749d1268cc3b86204","yes","SH151107","/files/SH15110787732e87732e.png","","2026-09-19 23:16:40.425752","e3b0c44298fc1c149afbf4c8996fb92427ae41e4649b934ca495991b7852b855"
"窗帘\缩略图\SH151114-01.png","SH151114-01","thumbnail","160","160","c1b636ccb25988f228186273dabca28419de976ab00cd621a5744e59ba93a05b","yes","SH151114","/files/SH1511140077bd0077bd.png","","2026-09-19 23:16:40.450563","e3b0c44298fc1c149afbf4c8996fb92427ae41e4649b934ca495991b7852b855"
"窗帘\缩略图\SH151114-02.png","SH151114-02","thumbnail","160","160","1607c4b79c2d226e87d779080ca2d240112d490f8864a188ad95c03b33500b77","yes","SH151114","/files/SH1511140077bd0077bd.png","","2026-09-19 23:16:40.475395","e3b0c44298fc1c149afbf4c8996fb92427ae41e4649b934ca495991b7852b855"
"窗帘\缩略图\SH151114-03.png","SH151114-03","thumbnail","160","160","f02dc7ba127a94f4d21d679862715796602fefb92f4c261f019bd3fb76463e6d","yes","SH151114","/files/SH1511140077bd0077bd.png","","2026-09-19 23:16:40.500378","e3b0c44298fc1c149afbf4c8996fb92427ae41e4649b934ca495991b7852b855"
"窗帘\缩略图\SH151114-04.png","SH151114-04","thumbnail","160","160","187f4d6550cedef071952e8b6d09625a0c7ad54448d6e47ca9c6674a31766daf","yes","SH151114","/files/SH1511140077bd0077bd.png","","2026-09-19 23:16:40.524251","e3b0c44298fc1c149afbf4c8996fb92427ae41e4649b934ca495991b7852b855"
"窗帘\缩略图\SH151114-05.png","SH151114-05","thumbnail","160","160","01fbad1a8118b6ca276b0a4cf756ec6ac746c95d7ee647aa4b5393088438af76","yes","SH151114","/files/SH1511140077bd0077bd.png","","2026-09-19 23:16:40.548279","e3b0c44298fc1c149afbf4c8996fb92427ae41e4649b934ca495991b7852b855"
"窗帘\缩略图\SH151114-06.png","SH151114-06","thumbnail","160","160","0efaa24405fe9ec7d648ae2dc584956f7c5a3afded3069589e2c750e491eff1f","yes","SH151114","/files/SH1511140077bd0077bd.png","","2026-09-19 23:16:40.572586","e3b0c44298fc1c149afbf4c8996fb92427ae41e4649b934ca495991b7852b855"
"窗帘\缩略图\SH151114-07.png","SH151114-07","thumbnail","160","160","60ecbb6fb9adeab0f72d5cee17c41945827fa118de39aa9f542c41b7704e1e8b","yes","SH151114","/files/SH1511140077bd0077bd.png","","2026-09-19 23:16:40.596660","e3b0c44298fc1c149afbf4c8996fb92427ae41e4649b934ca495991b7852b855"
"窗帘\缩略图\SH151114-08.png","SH151114-08","thumbnail","160","160","5aef6032d53440833803ae04b1b503ad78b9b2ce8470b130e6fafd2e28fff886","yes","SH151114","/files/SH1511140077bd0077bd.png","","2026-09-19 23:16:40.620364","e3b0c44298fc1c149afbf4c8996fb92427ae41e4649b934ca495991b7852b855"
"窗帘\缩略图\SH151114-09.png","SH151114-09","thumbnail","160","160","128b5430eb2ce151b092b0d8c28e3563dc90c1ccd86853efc918d29a67fd6d43","yes","SH151114","/files/SH1511140077bd0077bd.png","","2026-09-19 23:16:40.646450","e3b0c44298fc1c149afbf4c8996fb92427ae41e4649b934ca495991b7852b855"
"窗帘\缩略图\SH151114-10.png","SH151114-10","thumbnail","160","160","56470b184262b77030636279f1c35a15b6c30581829abfb77029eed286b2b2d0","yes","SH151114","/files/SH1511140077bd0077bd.png","","2026-09-19 23:16:40.670871","e3b0c44298fc1c149afbf4c8996fb92427ae41e4649b934ca495991b7852b855"
"窗帘\缩略图\SH151114-11.png","SH151114-11","thumbnail","160","160","31cd8dfe10905a6bf1c8e081e0c240a8db395a6c97023e4a950eb766c6d04155","yes","SH151114","/files/SH1511140077bd0077bd.png","","2026-09-19 23:16:40.694880","e3b0c44298fc1c149afbf4c8996fb92427ae41e4649b934ca495991b7852b855"
"窗帘\缩略图\SH151114-12.png","SH151114-12","thumbnail","160","160","06400fbc43600e2f00b5df1c40b2ae5ffae218e5e2376584fafec6466b7f216a","yes","SH151114","/files/SH1511140077bd0077bd.png","","2026-09-19 23:16:40.718952","e3b0c44298fc1c149afbf4c8996fb92427ae41e4649b934ca495991b7852b855"
"窗帘\缩略图\SH151114-13.png","SH151114-13","thumbnail","160","160","2d232d1c1d1a3fbe06361773f06ac2ba2b548e7dd7585174e0cf7186b81980eb","yes","SH151114","/files/SH1511140077bd0077bd.png","","2026-09-19 23:16:40.743885","e3b0c44298fc1c149afbf4c8996fb92427ae41e4649b934ca495991b7852b855"
"窗帘\缩略图\SH151114-14.png","SH151114-14","thumbnail","160","160","3523111add949d16419f435cb91b7eb89c96599490d3175a0f2daa473211dad8","yes","SH151114","/files/SH1511140077bd0077bd.png","","2026-09-19 23:16:40.772317","e3b0c44298fc1c149afbf4c8996fb92427ae41e4649b934ca495991b7852b855"
"窗帘\缩略图\SH151114-15.png","SH151114-15","thumbnail","160","160","9e18f4530006ce20369aa9201bb3c35eb8468b9608cce0cfa3148485ecd06719","yes","SH151114","/files/SH1511140077bd0077bd.png","","2026-09-19 23:16:40.799753","e3b0c44298fc1c149afbf4c8996fb92427ae41e4649b934ca495991b7852b855"
"窗帘\缩略图\SH151114-16.png","SH151114-16","thumbnail","160","160","51fbc84167c50257ce89287dc1c2bdcb50593307a0b424b645c1db50fe3164e2","yes","SH151114","/files/SH1511140077bd0077bd.png","","2026-09-19 23:16:40.825108","e3b0c44298fc1c149afbf4c8996fb92427ae41e4649b934ca495991b7852b855"
"窗帘\缩略图\SH151114-17.png","SH151114-17","thumbnail","160","160","a661c2ea62454bf7b383d1ce2820c798b7ea9c8018c057fdaf7df463a8a0b96c","yes","SH151114","/files/SH1511140077bd0077bd.png","","2026-09-19 23:16:40.849399","e3b0c44298fc1c149afbf4c8996fb92427ae41e4649b934ca495991b7852b855"
"窗帘\缩略图\SH151114-18.png","SH151114-18","thumbnail","160","160","f68a33af9736628dfb8b6fc85612254df35bc4c27bae1163c86beceaa8c729b9","yes","SH151114","/files/SH1511140077bd0077bd.png","","2026-09-19 23:16:40.873945","e3b0c44298fc1c149afbf4c8996fb92427ae41e4649b934ca495991b7852b855"
"窗帘\SH151046-09.png","SH151046-09","card","1254","1254","b5a9680534ab19d06543b5b4c034f382a0ff8329891c8c243ffb52789783220a","yes","SH151046","/files/SH1510468bece58bece5.png","","2026-09-19 23:16:39.726973","e3b0c44298fc1c149afbf4c8996fb92427ae41e4649b934ca495991b7852b855"
"窗帘\SH151046-10.png","SH151046-10","card","1254","1254","9386da5831e3ff2d05cc621ca489ef2d1479db05c6b6a38ce5041791be907e36","yes","SH151046","/files/SH1510468bece58bece5.png","","2026-09-19 23:16:39.754931","e3b0c44298fc1c149afbf4c8996fb92427ae41e4649b934ca495991b7852b855"
"窗帘\SH151046-11.png","SH151046-11","card","1254","1254","7e6b7bbe73ef402f161f61a66cc91be37958f0f9ce2e9f7f7cf451d242fd49b0","yes","SH151046","/files/SH1510468bece58bece5.png","","2026-09-19 23:16:39.781039","e3b0c44298fc1c149afbf4c8996fb92427ae41e4649b934ca495991b7852b855"
"窗帘\SH151046-19.png","SH151046-19","card","1254","1254","9e4ffcd0de2ea3df4ff2cc960f0b7f0ac140835df6cf1d41335873ab664677b2","yes","SH151046","/files/SH1510468bece58bece5.png","","2026-09-19 23:16:39.805881","e3b0c44298fc1c149afbf4c8996fb92427ae41e4649b934ca495991b7852b855"
"窗帘\SH151046-21.png","SH151046-21","card","1254","1254","39d1b5bbff08a65999c8b3c30c1a4c2b68ccd1161a96c6a886d212313e5e01f4","yes","SH151046","/files/SH1510468bece58bece5.png","","2026-09-19 23:16:39.833203","e3b0c44298fc1c149afbf4c8996fb92427ae41e4649b934ca495991b7852b855"
"窗帘\SH151046-27.png","SH151046-27","card","1254","1254","0b45e4c01c24e41133e293364f1ab07bc7c9dabd1f6baa0d983127d883ef3215","yes","SH151046","/files/SH1510468bece58bece5.png","","2026-09-19 23:16:39.857718","e3b0c44298fc1c149afbf4c8996fb92427ae41e4649b934ca495991b7852b855"
"窗帘\SH151046-34.png","SH151046-34","card","1254","1254","b9c302d33226e43b1b973a3d2c099fa95699a64399537afbcc9ed047e1a47c74","yes","SH151046","/files/SH1510468bece58bece5.png","","2026-09-19 23:16:39.883215","e3b0c44298fc1c149afbf4c8996fb92427ae41e4649b934ca495991b7852b855"
"窗帘\SH151046-37.png","SH151046-37","card","1254","1254","2c50626c416b585d27d9f43a43edbff281ac38c7545f872834070fdbc49bd7d5","yes","SH151046","/files/SH1510468bece58bece5.png","","2026-09-19 23:16:39.907324","e3b0c44298fc1c149afbf4c8996fb92427ae41e4649b934ca495991b7852b855"
"窗帘\SH151046-43.png","SH151046-43","card","1254","1254","2344c35e2a2896abb92597ee28d317ecbd2ddc45672d7bcae35ac4e5c5d9c7f2","yes","SH151046","/files/SH1510468bece58bece5.png","","2026-09-19 23:16:39.933678","e3b0c44298fc1c149afbf4c8996fb92427ae41e4649b934ca495991b7852b855"
"窗帘\SH151046-44.png","SH151046-44","card","1254","1254","a29c4ec666dfe121bf05e3bf9b44ba827f020c973ad688fce54a9280c04194a9","yes","SH151046","/files/SH1510468bece58bece5.png","","2026-09-19 23:16:39.959836","e3b0c44298fc1c149afbf4c8996fb92427ae41e4649b934ca495991b7852b855"
"窗帘\SH151060-04.png","SH151060-04","card","1254","1254","d74284005c27363d3d73948fc18cb600f6fc9fae3ac034ef54af6e16de798960","no","","","","",""
"窗帘\SH151060-06.png","SH151060-06","card","1254","1254","835e7b2217855b9da6a5d12bec6de09df7e5f8580776d8988256bcf6d8304235","no","","","","",""
"窗帘\SH151060-07.png","SH151060-07","card","1254","1254","a2950624f59d3ed247743ff4e531f610920d07688f6ab36edf435ecdfd26c2e9","no","","","","",""
"窗帘\SH151060-09.png","SH151060-09","card","1254","1254","44a64c3c4231d87fd8e3f3fb801f28ff741b622c1ccdf13f6d5eacfaf0aacc45","no","","","","",""
"窗帘\SH151060-11.png","SH151060-11","card","1254","1254","a70ec209a4fb88bd08d1fb1444d567e479a2f42e8ba5fc5d28d3daf865338f39","no","","","","",""
"窗帘\SH151060-13.png","SH151060-13","card","1254","1254","e5d5718363f4390a6b7267814b4598409052f35914ef41b4657b4bb00c624df0","no","","","","",""
"窗帘\SH151060-14.png","SH151060-14","card","1254","1254","0311bdeb71a7d3a1fe0d7dd91eb9d1b593c9f4a96bb508b9a4a4a51b95f192d6","no","","","","",""
"窗帘\SH151060-15.png","SH151060-15","card","1254","1254","e995f37d52851a94f4f5fd616473ac8aa97c91ef47b12b584d4bb8d3e4b6b6b9","no","","","","",""
"窗帘\SH151060-16.png","SH151060-16","card","1254","1254","5bed1d5ff0a740a33c5de44691ed840866bdacb712ec7d5a171fc467b01e25f9","no","","","","",""
"窗帘\SH151060-20.png","SH151060-20","card","1254","1254","7a13b669cbc7eebb8bafc0846ff2608e82c5f5dc9c694e6934fce756e82e1029","no","","","","",""
"窗帘\SH151107-01.png","SH151107-01","card","1254","1254","ea2d33f1b996e2c9317a50f1790a2ed08e03a7ce8541034b6dce5496ee8f3e51","yes","SH151107","/files/SH15110787732e87732e.png","","2026-09-19 23:16:39.984775","e3b0c44298fc1c149afbf4c8996fb92427ae41e4649b934ca495991b7852b855"
"窗帘\SH151107-02.png","SH151107-02","card","1254","1254","d0a390753db509afbbce112b6d2479c73e88f80f9d82a1fca83c23894f6d79b1","yes","SH151107","/files/SH15110787732e87732e.png","","2026-09-19 23:16:40.010595","e3b0c44298fc1c149afbf4c8996fb92427ae41e4649b934ca495991b7852b855"
"窗帘\SH151107-03.png","SH151107-03","card","1254","1254","4a7c1c82608a73c56836f7f03a420b27976d608bc8f3c0fbb9a349253eb4d9e3","yes","SH151107","/files/SH15110787732e87732e.png","","2026-09-19 23:16:40.034784","e3b0c44298fc1c149afbf4c8996fb92427ae41e4649b934ca495991b7852b855"
"窗帘\SH151107-04.png","SH151107-04","card","1254","1254","56259a6f242672e841d786ed9582016660c538ad4e47a32e96e2ada88e04af40","yes","SH151107","/files/SH15110787732e87732e.png","","2026-09-19 23:16:40.060120","e3b0c44298fc1c149afbf4c8996fb92427ae41e4649b934ca495991b7852b855"
"窗帘\SH151107-05.png","SH151107-05","card","1254","1254","b76c844688edcadce20e68fec6111af35cb3e42232069dc6f92f902cd69e3c6a","yes","SH151107","/files/SH15110787732e87732e.png","","2026-09-19 23:16:40.084868","e3b0c44298fc1c149afbf4c8996fb92427ae41e4649b934ca495991b7852b855"
"窗帘\SH151107-06.png","SH151107-06","card","1254","1254","adfb9cd6cacaeb1d1ff55f5df76614fbd458a1d30f8c815a3684e84b551d6f15","yes","SH151107","/files/SH15110787732e87732e.png","","2026-09-19 23:16:40.113361","e3b0c44298fc1c149afbf4c8996fb92427ae41e4649b934ca495991b7852b855"
"窗帘\SH151107-07.png","SH151107-07","card","1254","1254","ce3553a995b275507ae4df3154ee0ebee360212fc64abdcf71689bb694981dbb","yes","SH151107","/files/SH15110787732e87732e.png","","2026-09-19 23:16:40.138952","e3b0c44298fc1c149afbf4c8996fb92427ae41e4649b934ca495991b7852b855"
"窗帘\SH151107-08.png","SH151107-08","card","1254","1254","d29f8722c0ebd6d97c4ac9ab64b8f0cd145cd67da72ac43a4150a6fed96a4bfe","yes","SH151107","/files/SH15110787732e87732e.png","","2026-09-19 23:16:40.164162","e3b0c44298fc1c149afbf4c8996fb92427ae41e4649b934ca495991b7852b855"
"窗帘\SH151107-09.png","SH151107-09","card","1254","1254","f864328b78231e8da17bd2c631489c00913e01013d3ed0cf5b4d7c44906aa1bd","yes","SH151107","/files/SH15110787732e87732e.png","","2026-09-19 23:16:40.190127","e3b0c44298fc1c149afbf4c8996fb92427ae41e4649b934ca495991b7852b855"
"窗帘\SH151107-10.png","SH151107-10","card","1254","1254","dd3e4f83fd07ea9d7bb4e86d65eaf04203de750f80247b398b6470784ef3f3eb","yes","SH151107","/files/SH15110787732e87732e.png","","2026-09-19 23:16:40.215524","e3b0c44298fc1c149afbf4c8996fb92427ae41e4649b934ca495991b7852b855"
"窗帘\SH151107-11.png","SH151107-11","card","1254","1254","e04348bc41e3a901241c51fcddf40221b2a6e75aabd11737f20e9fb65e3a9dac","yes","SH151107","/files/SH15110787732e87732e.png","","2026-09-19 23:16:40.241083","e3b0c44298fc1c149afbf4c8996fb92427ae41e4649b934ca495991b7852b855"
"窗帘\SH151107-12.png","SH151107-12","card","1254","1254","d7be546abf0d0d60b5aa70da820ba87d6ed7ad11af5c48ef58bb97adc9b3c3f8","yes","SH151107","/files/SH15110787732e87732e.png","","2026-09-19 23:16:40.268755","e3b0c44298fc1c149afbf4c8996fb92427ae41e4649b934ca495991b7852b855"
"窗帘\SH151107-13.png","SH151107-13","card","1254","1254","c72644cb40b295e6fd67fefc946d1d6f729a417953cbb5681f56d6aad77ec87d","yes","SH151107","/files/SH15110787732e87732e.png","","2026-09-19 23:16:40.296954","e3b0c44298fc1c149afbf4c8996fb92427ae41e4649b934ca495991b7852b855"
"窗帘\SH151107-14.png","SH151107-14","card","1254","1254","6151fbdd296862e9974e25c566a2cc1b87214c9395502c21d566a8af9e2288bb","yes","SH151107","/files/SH15110787732e87732e.png","","2026-09-19 23:16:40.323104","e3b0c44298fc1c149afbf4c8996fb92427ae41e4649b934ca495991b7852b855"
"窗帘\SH151107-15.png","SH151107-15","card","1254","1254","f5ec48c51a9a02a97aab7bef02fe7fbfd6e056cb89bc784d008316730a396b9c","yes","SH151107","/files/SH15110787732e87732e.png","","2026-09-19 23:16:40.348259","e3b0c44298fc1c149afbf4c8996fb92427ae41e4649b934ca495991b7852b855"
"窗帘\SH151107-16.png","SH151107-16","card","1254","1254","d42b90de03aa107775a6a4038fcd5b959cd1daf488abc0e3d9d0c3e7db71bccc","yes","SH151107","/files/SH15110787732e87732e.png","","2026-09-19 23:16:40.373054","e3b0c44298fc1c149afbf4c8996fb92427ae41e4649b934ca495991b7852b855"
"窗帘\SH151107-17.png","SH151107-17","card","1254","1254","dd7132c85b28eef3e8b1ac830abd43b78df106097c23bbefb3d5e95b55b4895e","yes","SH151107","/files/SH15110787732e87732e.png","","2026-09-19 23:16:40.399862","e3b0c44298fc1c149afbf4c8996fb92427ae41e4649b934ca495991b7852b855"
"窗帘\SH151107-18.png","SH151107-18","card","1254","1254","4f48113e180458bcf2ba343e2a9b38b418562ae0828c2fdb062c4a8d61d39438","yes","SH151107","/files/SH15110787732e87732e.png","","2026-09-19 23:16:40.425752","e3b0c44298fc1c149afbf4c8996fb92427ae41e4649b934ca495991b7852b855"
"窗帘\SH151114-01.png","SH151114-01","card","1254","1254","e9a36c7d286c2f9be14a5ad9a66b549c1dad33f0e2395a939e563a1ea0306475","yes","SH151114","/files/SH1511140077bd0077bd.png","","2026-09-19 23:16:40.450563","e3b0c44298fc1c149afbf4c8996fb92427ae41e4649b934ca495991b7852b855"
"窗帘\SH151114-02.png","SH151114-02","card","1254","1254","4d74ea4053cc106f5821292e2eb85ae7f03dce3dfb874a45cd44bba38f1b96dd","yes","SH151114","/files/SH1511140077bd0077bd.png","","2026-09-19 23:16:40.475395","e3b0c44298fc1c149afbf4c8996fb92427ae41e4649b934ca495991b7852b855"
"窗帘\SH151114-03.png","SH151114-03","card","1254","1254","36026a30935d066a14df06f181c270fad93e27dfefe74daa95a18d7c9cf664d4","yes","SH151114","/files/SH1511140077bd0077bd.png","","2026-09-19 23:16:40.500378","e3b0c44298fc1c149afbf4c8996fb92427ae41e4649b934ca495991b7852b855"
"窗帘\SH151114-04.png","SH151114-04","card","1254","1254","5664cf9b18df26e14636f47f170709e490cfec16e29ef0f74d5f8ea8932b7a13","yes","SH151114","/files/SH1511140077bd0077bd.png","","2026-09-19 23:16:40.524251","e3b0c44298fc1c149afbf4c8996fb92427ae41e4649b934ca495991b7852b855"
"窗帘\SH151114-05.png","SH151114-05","card","1254","1254","36234fcb5d4f4a054bd4e03edd834c8803ec0c2a91300925697371c7d9c48f5d","yes","SH151114","/files/SH1511140077bd0077bd.png","","2026-09-19 23:16:40.548279","e3b0c44298fc1c149afbf4c8996fb92427ae41e4649b934ca495991b7852b855"
"窗帘\SH151114-06.png","SH151114-06","card","1254","1254","eb63565cd7547413b9ec0dd372bb691f6bcfad81df8269e0fd85ad1cd6e25cdf","yes","SH151114","/files/SH1511140077bd0077bd.png","","2026-09-19 23:16:40.572586","e3b0c44298fc1c149afbf4c8996fb92427ae41e4649b934ca495991b7852b855"
"窗帘\SH151114-07.png","SH151114-07","card","1254","1254","192877f05b3daf2ebbd9d0cc8d2f94b97070aa35751fa043510697a13c732216","yes","SH151114","/files/SH1511140077bd0077bd.png","","2026-09-19 23:16:40.596660","e3b0c44298fc1c149afbf4c8996fb92427ae41e4649b934ca495991b7852b855"
"窗帘\SH151114-08.png","SH151114-08","card","1254","1254","0f5f6c7ebfdd37b874a7520c9a99b3bfdee8a2f344259924cb2514acbbfd1cc3","yes","SH151114","/files/SH1511140077bd0077bd.png","","2026-09-19 23:16:40.620364","e3b0c44298fc1c149afbf4c8996fb92427ae41e4649b934ca495991b7852b855"
"窗帘\SH151114-09.png","SH151114-09","card","1254","1254","29e36284c34db9edde1849f165292413cfe9677d3cf3e99c296e8502aee73aa0","yes","SH151114","/files/SH1511140077bd0077bd.png","","2026-09-19 23:16:40.646450","e3b0c44298fc1c149afbf4c8996fb92427ae41e4649b934ca495991b7852b855"
"窗帘\SH151114-10.png","SH151114-10","card","1254","1254","3909fc4f58b74bd781dc401b0f57a5e542243985a353842460feb0012a87d028","yes","SH151114","/files/SH1511140077bd0077bd.png","","2026-09-19 23:16:40.670871","e3b0c44298fc1c149afbf4c8996fb92427ae41e4649b934ca495991b7852b855"
"窗帘\SH151114-11.png","SH151114-11","card","1254","1254","a843b3bc6161d8bcf948cd67f55fb0609889a8bf660c9dfd10929e016676e0e5","yes","SH151114","/files/SH1511140077bd0077bd.png","","2026-09-19 23:16:40.694880","e3b0c44298fc1c149afbf4c8996fb92427ae41e4649b934ca495991b7852b855"
"窗帘\SH151114-12.png","SH151114-12","card","1254","1254","d5a4601db395a1d7dadbde28d2151a9a9f4455b2b5ea0ad823bb55e58fdf06a4","yes","SH151114","/files/SH1511140077bd0077bd.png","","2026-09-19 23:16:40.718952","e3b0c44298fc1c149afbf4c8996fb92427ae41e4649b934ca495991b7852b855"
"窗帘\SH151114-13.png","SH151114-13","card","1254","1254","537c7bb55f9c2da2c6c74b56e7117d300a0f01ece8724c7028946961cc47f799","yes","SH151114","/files/SH1511140077bd0077bd.png","","2026-09-19 23:16:40.743885","e3b0c44298fc1c149afbf4c8996fb92427ae41e4649b934ca495991b7852b855"
"窗帘\SH151114-14.png","SH151114-14","card","1254","1254","ed542de140fccecef86a7b3214e1f238d74172db2025a005a0b631e953cf44e9","yes","SH151114","/files/SH1511140077bd0077bd.png","","2026-09-19 23:16:40.772317","e3b0c44298fc1c149afbf4c8996fb92427ae41e4649b934ca495991b7852b855"
"窗帘\SH151114-15.png","SH151114-15","card","1254","1254","a528fa5bcd881c3b5f5de87c6cc9c3e4220f7864fdb46b630416e3d9fe1fe4ff","yes","SH151114","/files/SH1511140077bd0077bd.png","","2026-09-19 23:16:40.799753","e3b0c44298fc1c149afbf4c8996fb92427ae41e4649b934ca495991b7852b855"
"窗帘\SH151114-16.png","SH151114-16","card","1254","1254","3c9f7dd4c275f9ea8819590466ad988f033f1f2b99a05c7ab55d3dfba0796032","yes","SH151114","/files/SH1511140077bd0077bd.png","","2026-09-19 23:16:40.825108","e3b0c44298fc1c149afbf4c8996fb92427ae41e4649b934ca495991b7852b855"
"窗帘\SH151114-17.png","SH151114-17","card","1254","1254","fbddcba641ec2cf12b5f700617a6b58fd5445cd8d38ccf5588032ede824ce232","yes","SH151114","/files/SH1511140077bd0077bd.png","","2026-09-19 23:16:40.849399","e3b0c44298fc1c149afbf4c8996fb92427ae41e4649b934ca495991b7852b855"
"窗帘\SH151114-18.png","SH151114-18","card","1254","1254","d9baf584fad2def031f26a2e5f62ef8a1a88acd0c10645c4ff19316165eddeba","yes","SH151114","/files/SH1511140077bd0077bd.png","","2026-09-19 23:16:40.873945","e3b0c44298fc1c149afbf4c8996fb92427ae41e4649b934ca495991b7852b855"
"窗帘杆\缩略图\SH151138-2MS-1.png","SH151138-2MS-1","thumbnail","160","160","a302aa0ded11756b1d9bad55691ec1bc14275ef4eda6d757662fedc6158670ba","yes","SH151138-2MS","/assets/solua_home/images/curtain_cards/curtain-swatch-single-vermelha-v2.png","/assets/solua_home/images/curtain_cards/curtain-swatch-single-vermelha-v2.png","2026-09-19 23:48:44.348540","e3b0c44298fc1c149afbf4c8996fb92427ae41e4649b934ca495991b7852b855"
"窗帘杆\缩略图\SH151138-2MS-2.png","SH151138-2MS-2","thumbnail","160","160","735b9210f7f6ae4c2a4caf19be79b7a104c5661ad5fe09a752c7a0157c3f733b","yes","SH151138-2MS","/assets/solua_home/images/curtain_cards/curtain-swatch-single-bronze-antigo-v2.png","/assets/solua_home/images/curtain_cards/curtain-swatch-single-bronze-antigo-v2.png","2026-09-19 23:48:44.352693","e3b0c44298fc1c149afbf4c8996fb92427ae41e4649b934ca495991b7852b855"
"窗帘杆\缩略图\SH151138-2MS-3.png","SH151138-2MS-3","thumbnail","160","160","df06744352bf75b4d0008cf4996119f6b75299ae5cfaf6973db081377020a79d","yes","SH151138-2MS","/assets/solua_home/images/curtain_cards/curtain-swatch-prata.png","/assets/solua_home/images/curtain_cards/curtain-swatch-prata.png","2026-09-19 23:57:03.116334","e3b0c44298fc1c149afbf4c8996fb92427ae41e4649b934ca495991b7852b855"
"窗帘杆\缩略图\SH151138-2MS-4.png","SH151138-2MS-4","thumbnail","160","160","04019ed9e00e32d1d14bd1642d7edc425807e8cdf88fcdb37c463ecbeb4556e8","yes","SH151138-2MS","/assets/solua_home/images/curtain_cards/curtain-swatch-dourado.png","/assets/solua_home/images/curtain_cards/curtain-swatch-dourado.png","2026-09-19 23:57:03.115820","e3b0c44298fc1c149afbf4c8996fb92427ae41e4649b934ca495991b7852b855"
"窗帘杆\缩略图\SH151138-2MS-5.png","SH151138-2MS-5","thumbnail","160","160","4888a87afcfa47e81f4547c1650cb228a0748c0272859684c391bf54e505c106","yes","SH151138-2MS","/assets/solua_home/images/curtain_cards/curtain-swatch-preto.png","/assets/solua_home/images/curtain_cards/curtain-swatch-preto.png","2026-09-19 23:57:03.116906","e3b0c44298fc1c149afbf4c8996fb92427ae41e4649b934ca495991b7852b855"
"窗帘杆\缩略图\SH151145-2MD-1.png","SH151145-2MD-1","thumbnail","160","160","aa67ca6d626b59d0c0e80993826e9677f6e98e4860931362ff6452152cc939cc","yes","SH151145-2MD","/assets/solua_home/images/curtain_cards/curtain-swatch-dual-vermelha-v2.png","/assets/solua_home/images/curtain_cards/curtain-swatch-dual-vermelha-v2.png","2026-09-19 23:48:44.370835","e3b0c44298fc1c149afbf4c8996fb92427ae41e4649b934ca495991b7852b855"
"窗帘杆\缩略图\SH151145-2MD-2.png","SH151145-2MD-2","thumbnail","160","160","ab82aaa4414325a54adb0452d69de2b529427338004b989a3078ee94b2dbe391","yes","SH151145-2MD","/assets/solua_home/images/curtain_cards/curtain-swatch-dual-bronze-antigo-v2.png","/assets/solua_home/images/curtain_cards/curtain-swatch-dual-bronze-antigo-v2.png","2026-09-19 23:48:44.375582","e3b0c44298fc1c149afbf4c8996fb92427ae41e4649b934ca495991b7852b855"
"窗帘杆\缩略图\SH151145-2MD-3.png","SH151145-2MD-3","thumbnail","160","160","5ca977f7f18ceab17f8c78f80030834ae93aa9d367559aa89f15637d98e640fc","yes","SH151145-2MD","/assets/solua_home/images/curtain_cards/curtain-swatch-dual-prata-v2.png","/assets/solua_home/images/curtain_cards/curtain-swatch-dual-prata-v2.png","2026-09-19 23:57:03.114726","e3b0c44298fc1c149afbf4c8996fb92427ae41e4649b934ca495991b7852b855"
"窗帘杆\缩略图\SH151145-2MD-4.png","SH151145-2MD-4","thumbnail","160","160","7b62f2d03a2d0cfe6dd808f83187b826617af81db1eb80f6cd3e200f24ae0118","yes","SH151145-2MD","/assets/solua_home/images/curtain_cards/curtain-swatch-dual-dourado-v2.png","/assets/solua_home/images/curtain_cards/curtain-swatch-dual-dourado-v2.png","2026-09-19 23:57:03.114026","e3b0c44298fc1c149afbf4c8996fb92427ae41e4649b934ca495991b7852b855"
"窗帘杆\缩略图\SH151145-2MD-5.png","SH151145-2MD-5","thumbnail","160","160","ae4c2c99aed1d04046e2092217e5b34912e4911975c09dc2e121f2b0174917c2","yes","SH151145-2MD","/assets/solua_home/images/curtain_cards/curtain-swatch-dual-preto-v2.png","/assets/solua_home/images/curtain_cards/curtain-swatch-dual-preto-v2.png","2026-09-19 23:57:03.115269","e3b0c44298fc1c149afbf4c8996fb92427ae41e4649b934ca495991b7852b855"
"窗帘杆\缩略图\SH151152-3MS-1.png","SH151152-3MS-1","thumbnail","160","160","28c9fd71f108d7c5ef1dc1ca2f7d9bf5a8a9c18ca9d15180c20a335a9c9e9ac0","yes","SH151152-3MS","/assets/solua_home/images/curtain_cards/curtain-swatch-single-vermelha-v2.png","/assets/solua_home/images/curtain_cards/curtain-swatch-single-vermelha-v2.png","2026-09-19 23:48:44.398469","e3b0c44298fc1c149afbf4c8996fb92427ae41e4649b934ca495991b7852b855"
"窗帘杆\缩略图\SH151152-3MS-2.png","SH151152-3MS-2","thumbnail","160","160","4df6a1f699bd0830b7e8e8e50a1aad32649df773e145a6eb5592aa6d0e3a386f","yes","SH151152-3MS","/assets/solua_home/images/curtain_cards/curtain-swatch-single-bronze-antigo-v2.png","/assets/solua_home/images/curtain_cards/curtain-swatch-single-bronze-antigo-v2.png","2026-09-19 23:48:44.402957","e3b0c44298fc1c149afbf4c8996fb92427ae41e4649b934ca495991b7852b855"
"窗帘杆\缩略图\SH151152-3MS-3.png","SH151152-3MS-3","thumbnail","160","160","93469f12f55d390865af3aa0d3b778cb01d29e705a3f02cd0c39b91df942d4f1","yes","SH151152-3MS","/assets/solua_home/images/curtain_cards/curtain-swatch-prata.png","/assets/solua_home/images/curtain_cards/curtain-swatch-prata.png","2026-09-19 23:57:03.112567","e3b0c44298fc1c149afbf4c8996fb92427ae41e4649b934ca495991b7852b855"
"窗帘杆\缩略图\SH151152-3MS-4.png","SH151152-3MS-4","thumbnail","160","160","6360213d68c20e5478a6890d88c320705ee30afdd5879ccc243e0148e6d34e2e","yes","SH151152-3MS","/assets/solua_home/images/curtain_cards/curtain-swatch-dourado.png","/assets/solua_home/images/curtain_cards/curtain-swatch-dourado.png","2026-09-19 23:57:03.111783","e3b0c44298fc1c149afbf4c8996fb92427ae41e4649b934ca495991b7852b855"
"窗帘杆\缩略图\SH151152-3MS-5.png","SH151152-3MS-5","thumbnail","160","160","1f6ae3af53b72f60e396bc2f287d3197c306752e0073c19dce5c8bb4805bcdbb","yes","SH151152-3MS","/assets/solua_home/images/curtain_cards/curtain-swatch-preto.png","/assets/solua_home/images/curtain_cards/curtain-swatch-preto.png","2026-09-19 23:57:03.113318","e3b0c44298fc1c149afbf4c8996fb92427ae41e4649b934ca495991b7852b855"
"窗帘杆\缩略图\SH151169-3MD-1.png","SH151169-3MD-1","thumbnail","160","160","f8234ef22537222229143c976335b1168b58f8d916cfd9c806c76c6c8581557c","yes","SH151169-3MD","/assets/solua_home/images/curtain_cards/curtain-swatch-dual-vermelha-v2.png","/assets/solua_home/images/curtain_cards/curtain-swatch-dual-vermelha-v2.png","2026-09-19 23:48:44.422585","e3b0c44298fc1c149afbf4c8996fb92427ae41e4649b934ca495991b7852b855"
"窗帘杆\缩略图\SH151169-3MD-2.png","SH151169-3MD-2","thumbnail","160","160","554938b2e9e032ceae293fd804cd347975a1de34067dcd1e617982bd465f5264","yes","SH151169-3MD","/assets/solua_home/images/curtain_cards/curtain-swatch-dual-bronze-antigo-v2.png","/assets/solua_home/images/curtain_cards/curtain-swatch-dual-bronze-antigo-v2.png","2026-09-19 23:48:44.425545","e3b0c44298fc1c149afbf4c8996fb92427ae41e4649b934ca495991b7852b855"
"窗帘杆\缩略图\SH151169-3MD-3.png","SH151169-3MD-3","thumbnail","160","160","7f00f8a367983cce2ea8ddff057c25f3b941196923725a5a78ed41558215cbc9","yes","SH151169-3MD","/assets/solua_home/images/curtain_cards/curtain-swatch-dual-prata-v2.png","/assets/solua_home/images/curtain_cards/curtain-swatch-dual-prata-v2.png","2026-09-19 23:57:03.110279","e3b0c44298fc1c149afbf4c8996fb92427ae41e4649b934ca495991b7852b855"
"窗帘杆\缩略图\SH151169-3MD-4.png","SH151169-3MD-4","thumbnail","160","160","bedea26df144961cc6d243ea84aae7fbb14318cabd37b8c01673dd8b32058ee6","yes","SH151169-3MD","/assets/solua_home/images/curtain_cards/curtain-swatch-dual-dourado-v2.png","/assets/solua_home/images/curtain_cards/curtain-swatch-dual-dourado-v2.png","2026-09-19 23:57:03.108895","e3b0c44298fc1c149afbf4c8996fb92427ae41e4649b934ca495991b7852b855"
"窗帘杆\缩略图\SH151169-3MD-5.png","SH151169-3MD-5","thumbnail","160","160","b06e3b6e00510a4cf98dd211a39ad024f20cb7fc885f31f108ecc387be9a45a9","yes","SH151169-3MD","/assets/solua_home/images/curtain_cards/curtain-swatch-dual-preto-v2.png","/assets/solua_home/images/curtain_cards/curtain-swatch-dual-preto-v2.png","2026-09-19 23:57:03.111087","e3b0c44298fc1c149afbf4c8996fb92427ae41e4649b934ca495991b7852b855"
"窗帘杆\SH151138-2MS-1.png","SH151138-2MS-1","card","1254","1254","a2d21cb31eb2e0d0b39717f93dc6002097c47997fcb97703e07eb3aee39938c5","yes","SH151138-2MS","/assets/solua_home/images/curtain_cards/curtain-swatch-single-vermelha-v2.png","/assets/solua_home/images/curtain_cards/curtain-swatch-single-vermelha-v2.png","2026-09-19 23:48:44.348540","e3b0c44298fc1c149afbf4c8996fb92427ae41e4649b934ca495991b7852b855"
"窗帘杆\SH151138-2MS-2.png","SH151138-2MS-2","card","1254","1254","9f3a02bb97f1495e77cf25624f2f2e3c8be1504a56e9b3afa090f06af07aaf19","yes","SH151138-2MS","/assets/solua_home/images/curtain_cards/curtain-swatch-single-bronze-antigo-v2.png","/assets/solua_home/images/curtain_cards/curtain-swatch-single-bronze-antigo-v2.png","2026-09-19 23:48:44.352693","e3b0c44298fc1c149afbf4c8996fb92427ae41e4649b934ca495991b7852b855"
"窗帘杆\SH151138-2MS-3.png","SH151138-2MS-3","card","1254","1254","527a9653e2f32240a350ef0029f9ec580825ec741490d928e5c3919b174be022","yes","SH151138-2MS","/assets/solua_home/images/curtain_cards/curtain-swatch-prata.png","/assets/solua_home/images/curtain_cards/curtain-swatch-prata.png","2026-09-19 23:57:03.116334","e3b0c44298fc1c149afbf4c8996fb92427ae41e4649b934ca495991b7852b855"
"窗帘杆\SH151138-2MS-4.png","SH151138-2MS-4","card","1254","1254","3613191e5afe8876a286d5c146b9d6c321b9a829c7309a6bffb9e0396b124c2e","yes","SH151138-2MS","/assets/solua_home/images/curtain_cards/curtain-swatch-dourado.png","/assets/solua_home/images/curtain_cards/curtain-swatch-dourado.png","2026-09-19 23:57:03.115820","e3b0c44298fc1c149afbf4c8996fb92427ae41e4649b934ca495991b7852b855"
"窗帘杆\SH151138-2MS-5.png","SH151138-2MS-5","card","1254","1254","bba8cae2805802532e6a77d830dd8b913177a7b12549df8473b844d6ee69dce5","yes","SH151138-2MS","/assets/solua_home/images/curtain_cards/curtain-swatch-preto.png","/assets/solua_home/images/curtain_cards/curtain-swatch-preto.png","2026-09-19 23:57:03.116906","e3b0c44298fc1c149afbf4c8996fb92427ae41e4649b934ca495991b7852b855"
"窗帘杆\SH151145-2MD-1.png","SH151145-2MD-1","card","1254","1254","379528e388c6942be4d36d14bfaf82dadc0c54ff8fc0889a88f58461964cd052","yes","SH151145-2MD","/assets/solua_home/images/curtain_cards/curtain-swatch-dual-vermelha-v2.png","/assets/solua_home/images/curtain_cards/curtain-swatch-dual-vermelha-v2.png","2026-09-19 23:48:44.370835","e3b0c44298fc1c149afbf4c8996fb92427ae41e4649b934ca495991b7852b855"
"窗帘杆\SH151145-2MD-2.png","SH151145-2MD-2","card","1254","1254","8e99a6f4af8fdb4e40f8bd14ef9889400d70e122edd937f7d25d6c91d2416c48","yes","SH151145-2MD","/assets/solua_home/images/curtain_cards/curtain-swatch-dual-bronze-antigo-v2.png","/assets/solua_home/images/curtain_cards/curtain-swatch-dual-bronze-antigo-v2.png","2026-09-19 23:48:44.375582","e3b0c44298fc1c149afbf4c8996fb92427ae41e4649b934ca495991b7852b855"
"窗帘杆\SH151145-2MD-3.png","SH151145-2MD-3","card","1254","1254","1585c7a27aa657e4d314c266def5875e76b4d66b6c5d63cf705d14ff0c162f21","yes","SH151145-2MD","/assets/solua_home/images/curtain_cards/curtain-swatch-dual-prata-v2.png","/assets/solua_home/images/curtain_cards/curtain-swatch-dual-prata-v2.png","2026-09-19 23:57:03.114726","e3b0c44298fc1c149afbf4c8996fb92427ae41e4649b934ca495991b7852b855"
"窗帘杆\SH151145-2MD-4.png","SH151145-2MD-4","card","1254","1254","ad666b285c52e078b91dfb431ea93c884fdfc42fa2fa5c9f2e9ec95bd5dc8169","yes","SH151145-2MD","/assets/solua_home/images/curtain_cards/curtain-swatch-dual-dourado-v2.png","/assets/solua_home/images/curtain_cards/curtain-swatch-dual-dourado-v2.png","2026-09-19 23:57:03.114026","e3b0c44298fc1c149afbf4c8996fb92427ae41e4649b934ca495991b7852b855"
"窗帘杆\SH151145-2MD-5.png","SH151145-2MD-5","card","1254","1254","fc8dd5284ddf2925adc7658851ea5f450996195cb5811fba619f74868518ab8c","yes","SH151145-2MD","/assets/solua_home/images/curtain_cards/curtain-swatch-dual-preto-v2.png","/assets/solua_home/images/curtain_cards/curtain-swatch-dual-preto-v2.png","2026-09-19 23:57:03.115269","e3b0c44298fc1c149afbf4c8996fb92427ae41e4649b934ca495991b7852b855"
"窗帘杆\SH151152-3MS-1.png","SH151152-3MS-1","card","1254","1254","fbeb1b93c495901e26d3cf63c86f15f4d8ced6184208d14ab069a355526bdaeb","yes","SH151152-3MS","/assets/solua_home/images/curtain_cards/curtain-swatch-single-vermelha-v2.png","/assets/solua_home/images/curtain_cards/curtain-swatch-single-vermelha-v2.png","2026-09-19 23:48:44.398469","e3b0c44298fc1c149afbf4c8996fb92427ae41e4649b934ca495991b7852b855"
"窗帘杆\SH151152-3MS-2.png","SH151152-3MS-2","card","1254","1254","4e1b364498e557f19781db42b6ae71e4cbd5b0784f439200b41bdf370b761164","yes","SH151152-3MS","/assets/solua_home/images/curtain_cards/curtain-swatch-single-bronze-antigo-v2.png","/assets/solua_home/images/curtain_cards/curtain-swatch-single-bronze-antigo-v2.png","2026-09-19 23:48:44.402957","e3b0c44298fc1c149afbf4c8996fb92427ae41e4649b934ca495991b7852b855"
"窗帘杆\SH151152-3MS-3.png","SH151152-3MS-3","card","1254","1254","855fa0f6d5a32a5ff548b1228b6af6eb3c78174597649a4634b4c398f80b0dc0","yes","SH151152-3MS","/assets/solua_home/images/curtain_cards/curtain-swatch-prata.png","/assets/solua_home/images/curtain_cards/curtain-swatch-prata.png","2026-09-19 23:57:03.112567","e3b0c44298fc1c149afbf4c8996fb92427ae41e4649b934ca495991b7852b855"
"窗帘杆\SH151152-3MS-4.png","SH151152-3MS-4","card","1254","1254","6cdd50381fdcd25ae950417a642a8165df1339099b6b13e1cc4aedd281bf86ff","yes","SH151152-3MS","/assets/solua_home/images/curtain_cards/curtain-swatch-dourado.png","/assets/solua_home/images/curtain_cards/curtain-swatch-dourado.png","2026-09-19 23:57:03.111783","e3b0c44298fc1c149afbf4c8996fb92427ae41e4649b934ca495991b7852b855"
"窗帘杆\SH151152-3MS-5.png","SH151152-3MS-5","card","1254","1254","badd626095727138a51d5475249073319abce135a1a78cbb51dec0525f8939ef","yes","SH151152-3MS","/assets/solua_home/images/curtain_cards/curtain-swatch-preto.png","/assets/solua_home/images/curtain_cards/curtain-swatch-preto.png","2026-09-19 23:57:03.113318","e3b0c44298fc1c149afbf4c8996fb92427ae41e4649b934ca495991b7852b855"
"窗帘杆\SH151169-3MD-1.png","SH151169-3MD-1","card","1254","1254","4beba625e94e2415c6c7a783115d4232fab76d2e5707a380f2593cfe9f61585d","yes","SH151169-3MD","/assets/solua_home/images/curtain_cards/curtain-swatch-dual-vermelha-v2.png","/assets/solua_home/images/curtain_cards/curtain-swatch-dual-vermelha-v2.png","2026-09-19 23:48:44.422585","e3b0c44298fc1c149afbf4c8996fb92427ae41e4649b934ca495991b7852b855"
"窗帘杆\SH151169-3MD-2.png","SH151169-3MD-2","card","1254","1254","de7dd131013645083067680e854ae4a8ae6b34a1b1d20f60baa8222fe2680670","yes","SH151169-3MD","/assets/solua_home/images/curtain_cards/curtain-swatch-dual-bronze-antigo-v2.png","/assets/solua_home/images/curtain_cards/curtain-swatch-dual-bronze-antigo-v2.png","2026-09-19 23:48:44.425545","e3b0c44298fc1c149afbf4c8996fb92427ae41e4649b934ca495991b7852b855"
"窗帘杆\SH151169-3MD-3.png","SH151169-3MD-3","card","1254","1254","641eb95dd587d8d2b2772822a0c0a1746ebeb18135827d65e8d0f8815cc4ec93","yes","SH151169-3MD","/assets/solua_home/images/curtain_cards/curtain-swatch-dual-prata-v2.png","/assets/solua_home/images/curtain_cards/curtain-swatch-dual-prata-v2.png","2026-09-19 23:57:03.110279","e3b0c44298fc1c149afbf4c8996fb92427ae41e4649b934ca495991b7852b855"
"窗帘杆\SH151169-3MD-4.png","SH151169-3MD-4","card","1254","1254","4a7867b8a443f53e81825bf04ea5aea97c0c1a28db46e268d94926c9ddf496d9","yes","SH151169-3MD","/assets/solua_home/images/curtain_cards/curtain-swatch-dual-dourado-v2.png","/assets/solua_home/images/curtain_cards/curtain-swatch-dual-dourado-v2.png","2026-09-19 23:57:03.108895","e3b0c44298fc1c149afbf4c8996fb92427ae41e4649b934ca495991b7852b855"
"窗帘杆\SH151169-3MD-5.png","SH151169-3MD-5","card","1254","1254","0c85d000d7e2d921540da137cf562a2b9f921bf40ac613ed18f2131a00c17c67","yes","SH151169-3MD","/assets/solua_home/images/curtain_cards/curtain-swatch-dual-preto-v2.png","/assets/solua_home/images/curtain_cards/curtain-swatch-dual-preto-v2.png","2026-09-19 23:57:03.111087","e3b0c44298fc1c149afbf4c8996fb92427ae41e4649b934ca495991b7852b855"
