"template","template_barcode","item_code","color","current_custom_label_barcode","variant_native_barcodes","image","stock_uom","valuation_rate","bins","prices"
"SH151114","2026061151114","SH151114-18","18","SH151114-18","","/files/SH1511140077bd0077bd.png","条","293.8","Receiving - SH: qty=80.0, rate=293.8, value=23504.0","Standard Buying: 293.8 MZN | Wholesale Selling: 480.0 MZN | Standard Selling: 430.0 MZN"
"SH151114","2026061151114","SH151114-17","17","SH151114-17","","/files/SH1511140077bd0077bd.png","条","293.8","Receiving - SH: qty=80.0, rate=293.8, value=23504.0","Standard Buying: 293.8 MZN | Wholesale Selling: 480.0 MZN | Standard Selling: 430.0 MZN"
"SH151114","2026061151114","SH151114-16","16","SH151114-16","","/files/SH1511140077bd0077bd.png","条","293.8","Receiving - SH: qty=80.0, rate=293.8, value=23504.0","Standard Buying: 293.8 MZN | Wholesale Selling: 480.0 MZN | Standard Selling: 430.0 MZN"
"SH151114","2026061151114","SH151114-15","15","SH151114-15","","/files/SH1511140077bd0077bd.png","条","293.8","Receiving - SH: qty=160.0, rate=293.8, value=47008.0","Standard Buying: 293.8 MZN | Wholesale Selling: 480.0 MZN | Standard Selling: 430.0 MZN"
"SH151114","2026061151114","SH151114-14","14","SH151114-14","","/files/SH1511140077bd0077bd.png","条","293.8","Receiving - SH: qty=160.0, rate=293.8, value=47008.0","Standard Buying: 293.8 MZN | Wholesale Selling: 480.0 MZN | Standard Selling: 430.0 MZN"
"SH151114","2026061151114","SH151114-13","13","SH151114-13","","/files/SH1511140077bd0077bd.png","条","293.8","Receiving - SH: qty=160.0, rate=293.8, value=47008.0","Standard Buying: 293.8 MZN | Wholesale Selling: 480.0 MZN | Standard Selling: 430.0 MZN"
"SH151114","2026061151114","SH151114-12","12","SH151114-12","","/files/SH1511140077bd0077bd.png","条","293.8","Receiving - SH: qty=80.0, rate=293.8, value=23504.0","Standard Buying: 293.8 MZN | Wholesale Selling: 480.0 MZN | Standard Selling: 430.0 MZN"
"SH151114","2026061151114","SH151114-11","11","SH151114-11","","/files/SH1511140077bd0077bd.png","条","293.8","Receiving - SH: qty=80.0, rate=293.8, value=23504.0","Standard Buying: 293.8 MZN | Wholesale Selling: 480.0 MZN | Standard Selling: 430.0 MZN"
"SH151114","2026061151114","SH151114-10","10","SH151114-10","","/files/SH1511140077bd0077bd.png","条","293.8","Receiving - SH: qty=80.0, rate=293.8, value=23504.0","Standard Buying: 293.8 MZN | Wholesale Selling: 480.0 MZN | Standard Selling: 430.0 MZN"
"SH151114","2026061151114","SH151114-09","09","SH151114-09","","/files/SH1511140077bd0077bd.png","条","293.8","Receiving - SH: qty=160.0, rate=293.8, value=47008.0","Standard Buying: 293.8 MZN | Wholesale Selling: 480.0 MZN | Standard Selling: 430.0 MZN"
"SH151114","2026061151114","SH151114-08","08","SH151114-08","","/files/SH1511140077bd0077bd.png","条","293.8","Receiving - SH: qty=160.0, rate=293.8, value=47008.0","Standard Buying: 293.8 MZN | Wholesale Selling: 480.0 MZN | Standard Selling: 430.0 MZN"
"SH151114","2026061151114","SH151114-07","07","SH151114-07","","/files/SH1511140077bd0077bd.png","条","293.8","Receiving - SH: qty=160.0, rate=293.8, value=47008.0","Standard Buying: 293.8 MZN | Wholesale Selling: 480.0 MZN | Standard Selling: 430.0 MZN"
"SH151114","2026061151114","SH151114-06","06","SH151114-06","","/files/SH1511140077bd0077bd.png","条","293.8","Receiving - SH: qty=160.0, rate=293.8, value=47008.0","Standard Buying: 293.8 MZN | Wholesale Selling: 480.0 MZN | Standard Selling: 430.0 MZN"
"SH151114","2026061151114","SH151114-05","05","SH151114-05","","/files/SH1511140077bd0077bd.png","条","293.8","Receiving - SH: qty=160.0, rate=293.8, value=47008.0","Standard Buying: 293.8 MZN | Wholesale Selling: 480.0 MZN | Standard Selling: 430.0 MZN"
"SH151114","2026061151114","SH151114-04","04","SH151114-04","","/files/SH1511140077bd0077bd.png","条","293.8","Receiving - SH: qty=160.0, rate=293.8, value=47008.0","Standard Buying: 293.8 MZN | Wholesale Selling: 480.0 MZN | Standard Selling: 430.0 MZN"
"SH151114","2026061151114","SH151114-03","03","SH151114-03","","/files/SH1511140077bd0077bd.png","条","293.8","Receiving - SH: qty=160.0, rate=293.8, value=47008.0","Standard Buying: 293.8 MZN | Wholesale Selling: 480.0 MZN | Standard Selling: 430.0 MZN"
"SH151114","2026061151114","SH151114-02","02","SH151114-02","","/files/SH1511140077bd0077bd.png","条","293.8","Receiving - SH: qty=160.0, rate=293.8, value=47008.0","Standard Buying: 293.8 MZN | Wholesale Selling: 480.0 MZN | Standard Selling: 430.0 MZN"
"SH151114","2026061151114","SH151114-01","01","SH151114-01","","/files/SH1511140077bd0077bd.png","条","293.8","Receiving - SH: qty=160.0, rate=293.8, value=47008.0","Standard Buying: 293.8 MZN | Wholesale Selling: 480.0 MZN | Standard Selling: 430.0 MZN"
"SH151107","2026061151107","SH151107-18","18","SH151107-18","","/files/SH15110787732e87732e.png","条","327.7","Receiving - SH: qty=80.0, rate=327.7, value=26216.0","Standard Buying: 327.7 MZN | Wholesale Selling: 480.0 MZN | Standard Selling: 430.0 MZN"
"SH151107","2026061151107","SH151107-17","17","SH151107-17","","/files/SH15110787732e87732e.png","条","327.7","Receiving - SH: qty=80.0, rate=327.7, value=26216.0","Standard Buying: 327.7 MZN | Wholesale Selling: 480.0 MZN | Standard Selling: 430.0 MZN"
"SH151107","2026061151107","SH151107-16","16","SH151107-16","","/files/SH15110787732e87732e.png","条","327.7","Receiving - SH: qty=80.0, rate=327.7, value=26216.0","Standard Buying: 327.7 MZN | Wholesale Selling: 480.0 MZN | Standard Selling: 430.0 MZN"
"SH151107","2026061151107","SH151107-15","15","SH151107-15","","/files/SH15110787732e87732e.png","条","327.7","Receiving - SH: qty=80.0, rate=327.7, value=26216.0","Standard Buying: 327.7 MZN | Wholesale Selling: 480.0 MZN | Standard Selling: 430.0 MZN"
"SH151107","2026061151107","SH151107-14","14","SH151107-14","","/files/SH15110787732e87732e.png","条","327.7","Receiving - SH: qty=80.0, rate=327.7, value=26216.0","Standard Buying: 327.7 MZN | Wholesale Selling: 480.0 MZN | Standard Selling: 430.0 MZN"
"SH151107","2026061151107","SH151107-13","13","SH151107-13","","/files/SH15110787732e87732e.png","条","327.7","Receiving - SH: qty=80.0, rate=327.7, value=26216.0","Standard Buying: 327.7 MZN | Wholesale Selling: 480.0 MZN | Standard Selling: 430.0 MZN"
"SH151107","2026061151107","SH151107-12","12","SH151107-12","","/files/SH15110787732e87732e.png","条","327.7","Receiving - SH: qty=80.0, rate=327.7, value=26216.0","Standard Buying: 327.7 MZN | Wholesale Selling: 480.0 MZN | Standard Selling: 430.0 MZN"
"SH151107","2026061151107","SH151107-11","11","SH151107-11","","/files/SH15110787732e87732e.png","条","327.7","Receiving - SH: qty=80.0, rate=327.7, value=26216.0","Standard Buying: 327.7 MZN | Wholesale Selling: 480.0 MZN | Standard Selling: 430.0 MZN"
"SH151107","2026061151107","SH151107-10","10","SH151107-10","","/files/SH15110787732e87732e.png","条","327.7","Receiving - SH: qty=80.0, rate=327.7, value=26216.0","Standard Buying: 327.7 MZN | Wholesale Selling: 480.0 MZN | Standard Selling: 430.0 MZN"
"SH151107","2026061151107","SH151107-09","09","SH151107-09","","/files/SH15110787732e87732e.png","条","327.7","Receiving - SH: qty=80.0, rate=327.7, value=26216.0","Standard Buying: 327.7 MZN | Wholesale Selling: 480.0 MZN | Standard Selling: 430.0 MZN"
"SH151107","2026061151107","SH151107-08","08","SH151107-08","","/files/SH15110787732e87732e.png","条","327.7","Receiving - SH: qty=80.0, rate=327.7, value=26216.0","Standard Buying: 327.7 MZN | Wholesale Selling: 480.0 MZN | Standard Selling: 430.0 MZN"
"SH151107","2026061151107","SH151107-07","07","SH151107-07","","/files/SH15110787732e87732e.png","条","327.7","Receiving - SH: qty=160.0, rate=327.7, value=52432.0","Standard Buying: 327.7 MZN | Wholesale Selling: 480.0 MZN | Standard Selling: 430.0 MZN"
"SH151107","2026061151107","SH151107-06","06","SH151107-06","","/files/SH15110787732e87732e.png","条","327.7","Receiving - SH: qty=80.0, rate=327.7, value=26216.0","Standard Buying: 327.7 MZN | Wholesale Selling: 480.0 MZN | Standard Selling: 430.0 MZN"
"SH151107","2026061151107","SH151107-05","05","SH151107-05","","/files/SH15110787732e87732e.png","条","327.7","Receiving - SH: qty=160.0, rate=327.7, value=52432.0","Standard Buying: 327.7 MZN | Wholesale Selling: 480.0 MZN | Standard Selling: 430.0 MZN"
"SH151107","2026061151107","SH151107-04","04","SH151107-04","","/files/SH15110787732e87732e.png","条","327.7","Receiving - SH: qty=80.0, rate=327.7, value=26216.0","Standard Buying: 327.7 MZN | Wholesale Selling: 480.0 MZN | Standard Selling: 430.0 MZN"
"SH151107","2026061151107","SH151107-03","03","SH151107-03","","/files/SH15110787732e87732e.png","条","327.7","Receiving - SH: qty=80.0, rate=327.7, value=26216.0","Standard Buying: 327.7 MZN | Wholesale Selling: 480.0 MZN | Standard Selling: 430.0 MZN"
"SH151107","2026061151107","SH151107-02","02","SH151107-02","","/files/SH15110787732e87732e.png","条","327.7","Receiving - SH: qty=80.0, rate=327.7, value=26216.0","Standard Buying: 327.7 MZN | Wholesale Selling: 480.0 MZN | Standard Selling: 430.0 MZN"
"SH151107","2026061151107","SH151107-01","01","SH151107-01","","/files/SH15110787732e87732e.png","条","327.7","Receiving - SH: qty=80.0, rate=327.7, value=26216.0","Standard Buying: 327.7 MZN | Wholesale Selling: 480.0 MZN | Standard Selling: 430.0 MZN"
"SH151046","2026061151046","SH151046-44","44","SH151046-44","","/files/SH1510468bece58bece5.png","条","327.7","Receiving - SH: qty=240.0, rate=327.7, value=78648.0","Standard Buying: 327.7 MZN | Wholesale Selling: 480.0 MZN | Standard Selling: 430.0 MZN"
"SH151046","2026061151046","SH151046-43","43","SH151046-43","","/files/SH1510468bece58bece5.png","条","327.7","Receiving - SH: qty=240.0, rate=327.7, value=78648.0","Standard Buying: 327.7 MZN | Wholesale Selling: 480.0 MZN | Standard Selling: 430.0 MZN"
"SH151046","2026061151046","SH151046-37","37","SH151046-37","","/files/SH1510468bece58bece5.png","条","327.7","Receiving - SH: qty=240.0, rate=327.7, value=78648.0","Standard Buying: 327.7 MZN | Wholesale Selling: 480.0 MZN | Standard Selling: 430.0 MZN"
"SH151046","2026061151046","SH151046-34","34","SH151046-34","","/files/SH1510468bece58bece5.png","条","327.7","Receiving - SH: qty=240.0, rate=327.7, value=78648.0","Standard Buying: 327.7 MZN | Wholesale Selling: 480.0 MZN | Standard Selling: 430.0 MZN"
"SH151046","2026061151046","SH151046-27","27","SH151046-27","","/files/SH1510468bece58bece5.png","条","327.7","Receiving - SH: qty=240.0, rate=327.7, value=78648.0","Standard Buying: 327.7 MZN | Wholesale Selling: 480.0 MZN | Standard Selling: 430.0 MZN"
"SH151046","2026061151046","SH151046-21","21","SH151046-21","","/files/SH1510468bece58bece5.png","条","327.7","Receiving - SH: qty=240.0, rate=327.7, value=78648.0","Standard Buying: 327.7 MZN | Wholesale Selling: 480.0 MZN | Standard Selling: 430.0 MZN"
"SH151046","2026061151046","SH151046-19","19","SH151046-19","","/files/SH1510468bece58bece5.png","条","327.7","Receiving - SH: qty=240.0, rate=327.7, value=78648.0","Standard Buying: 327.7 MZN | Wholesale Selling: 480.0 MZN | Standard Selling: 430.0 MZN"
"SH151046","2026061151046","SH151046-11","11","SH151046-11","","/files/SH1510468bece58bece5.png","条","327.7","Receiving - SH: qty=240.0, rate=327.7, value=78648.0","Standard Buying: 327.7 MZN | Wholesale Selling: 480.0 MZN | Standard Selling: 430.0 MZN"
"SH151046","2026061151046","SH151046-10","10","SH151046-10","","/files/SH1510468bece58bece5.png","条","327.7","Receiving - SH: qty=240.0, rate=327.7, value=78648.0","Standard Buying: 327.7 MZN | Wholesale Selling: 480.0 MZN | Standard Selling: 430.0 MZN"
"SH151046","2026061151046","SH151046-09","09","SH151046-09","","/files/SH1510468bece58bece5.png","条","327.7","Receiving - SH: qty=240.0, rate=327.7, value=78648.0","Standard Buying: 327.7 MZN | Wholesale Selling: 480.0 MZN | Standard Selling: 430.0 MZN"
"SH151169-3MD","2026061151169","SH151169-3MD-2","Bronze Antigo","SH151169-3MD-2","","/assets/solua_home/images/curtain_cards/curtain-swatch-dual-bronze-antigo-v2.png","根","530","Stores - SH: qty=0.0, rate=530.0, value=0.0 | Receiving - SH: qty=60.0, rate=530.0, value=31800.0","Standard Selling: 660.0 MZN"
"SH151169-3MD","2026061151169","SH151169-3MD-1","Vermelha","SH151169-3MD-1","","/assets/solua_home/images/curtain_cards/curtain-swatch-dual-vermelha-v2.png","根","530","Stores - SH: qty=0.0, rate=530.0, value=0.0 | Receiving - SH: qty=60.0, rate=530.0, value=31800.0","Standard Selling: 660.0 MZN"
"SH151152-3MS","2026061151152","SH151152-3MS-2","Bronze Antigo","SH151152-3MS-2","","/assets/solua_home/images/curtain_cards/curtain-swatch-single-bronze-antigo-v2.png","根","319","Stores - SH: qty=0.0, rate=319.0, value=0.0 | Receiving - SH: qty=480.0, rate=319.0, value=153120.0","Standard Selling: 410.0 MZN"
"SH151152-3MS","2026061151152","SH151152-3MS-1","Vermelha","SH151152-3MS-1","","/assets/solua_home/images/curtain_cards/curtain-swatch-single-vermelha-v2.png","根","319","Stores - SH: qty=0.0, rate=319.0, value=0.0 | Receiving - SH: qty=480.0, rate=319.0, value=153120.0","Standard Selling: 410.0 MZN"
"SH151145-2MD","2026061151145","SH151145-2MD-2","Bronze Antigo","SH151145-2MD-2","","/assets/solua_home/images/curtain_cards/curtain-swatch-dual-bronze-antigo-v2.png","根","364","Stores - SH: qty=0.0, rate=364.0, value=0.0 | Receiving - SH: qty=180.0, rate=364.0, value=65520.0","Standard Selling: 460.0 MZN"
"SH151145-2MD","2026061151145","SH151145-2MD-1","Vermelha","SH151145-2MD-1","","/assets/solua_home/images/curtain_cards/curtain-swatch-dual-vermelha-v2.png","根","364","Stores - SH: qty=0.0, rate=364.0, value=0.0 | Receiving - SH: qty=180.0, rate=364.0, value=65520.0","Standard Selling: 460.0 MZN"
"SH151138-2MS","2026061151138","SH151138-2MS-2","Bronze Antigo","SH151138-2MS-2","","/assets/solua_home/images/curtain_cards/curtain-swatch-single-bronze-antigo-v2.png","根","229","Stores - SH: qty=0.0, rate=229.0, value=0.0 | Receiving - SH: qty=480.0, rate=229.0, value=109920.0","Standard Selling: 300.0 MZN"
"SH151138-2MS","2026061151138","SH151138-2MS-1","Vermelha","SH151138-2MS-1","","/assets/solua_home/images/curtain_cards/curtain-swatch-single-vermelha-v2.png","根","229","Stores - SH: qty=0.0, rate=229.0, value=0.0 | Receiving - SH: qty=480.0, rate=229.0, value=109920.0","Standard Selling: 300.0 MZN"
"SH151169-3MD","2026061151169","SH151169-3MD-4","Dourado","SH151169-3MD-DR","","/assets/solua_home/images/curtain_cards/curtain-swatch-dual-dourado-v2.png","根","530","Stores - SH: qty=0.0, rate=530.0, value=0.0 | Receiving - SH: qty=60.0, rate=530.0, value=31800.0","Standard Selling: 660.0 MZN"
"SH151169-3MD","2026061151169","SH151169-3MD-3","Prata","SH151169-3MD-PT","","/assets/solua_home/images/curtain_cards/curtain-swatch-dual-prata-v2.png","根","530","Stores - SH: qty=0.0, rate=530.0, value=0.0 | Receiving - SH: qty=60.0, rate=530.0, value=31800.0","Standard Selling: 660.0 MZN"
"SH151169-3MD","2026061151169","SH151169-3MD-5","Preto","SH151169-3MD-PR","","/assets/solua_home/images/curtain_cards/curtain-swatch-dual-preto-v2.png","根","530","Stores - SH: qty=0.0, rate=530.0, value=0.0 | Receiving - SH: qty=240.0, rate=530.0, value=127200.0","Standard Selling: 660.0 MZN"
"SH151152-3MS","2026061151152","SH151152-3MS-4","Dourado","SH151152-3MS-DR","","/assets/solua_home/images/curtain_cards/curtain-swatch-dourado.png","根","319","Stores - SH: qty=0.0, rate=319.0, value=0.0 | Receiving - SH: qty=240.0, rate=319.0, value=76560.0","Standard Selling: 410.0 MZN"
"SH151152-3MS","2026061151152","SH151152-3MS-3","Prata","SH151152-3MS-PT","","/assets/solua_home/images/curtain_cards/curtain-swatch-prata.png","根","319","Stores - SH: qty=0.0, rate=319.0, value=0.0 | Receiving - SH: qty=720.0, rate=319.0, value=229680.0","Standard Selling: 410.0 MZN"
"SH151152-3MS","2026061151152","SH151152-3MS-5","Preto","SH151152-3MS-PR","","/assets/solua_home/images/curtain_cards/curtain-swatch-preto.png","根","319","Stores - SH: qty=0.0, rate=319.0, value=0.0 | Receiving - SH: qty=1200.0, rate=319.0, value=382800.0","Standard Selling: 410.0 MZN"
"SH151145-2MD","2026061151145","SH151145-2MD-4","Dourado","SH151145-2MD-DR","","/assets/solua_home/images/curtain_cards/curtain-swatch-dual-dourado-v2.png","根","364","Stores - SH: qty=0.0, rate=364.0, value=0.0 | Receiving - SH: qty=120.0, rate=364.0, value=43680.0","Standard Selling: 460.0 MZN"
"SH151145-2MD","2026061151145","SH151145-2MD-3","Prata","SH151145-2MD-PT","","/assets/solua_home/images/curtain_cards/curtain-swatch-dual-prata-v2.png","根","364","Stores - SH: qty=0.0, rate=364.0, value=0.0 | Receiving - SH: qty=360.0, rate=364.0, value=131040.0","Standard Selling: 460.0 MZN"
"SH151145-2MD","2026061151145","SH151145-2MD-5","Preto","SH151145-2MD-PR","","/assets/solua_home/images/curtain_cards/curtain-swatch-dual-preto-v2.png","根","364","Stores - SH: qty=0.0, rate=364.0, value=0.0 | Receiving - SH: qty=480.0, rate=364.0, value=174720.0","Standard Selling: 460.0 MZN"
"SH151138-2MS","2026061151138","SH151138-2MS-4","Dourado","SH151138-2MS-DR","","/assets/solua_home/images/curtain_cards/curtain-swatch-dourado.png","根","229","Stores - SH: qty=0.0, rate=229.0, value=0.0 | Receiving - SH: qty=240.0, rate=229.0, value=54960.0","Standard Selling: 300.0 MZN"
"SH151138-2MS","2026061151138","SH151138-2MS-3","Prata","SH151138-2MS-PT","","/assets/solua_home/images/curtain_cards/curtain-swatch-prata.png","根","229","Stores - SH: qty=0.0, rate=229.0, value=0.0 | Receiving - SH: qty=720.0, rate=229.0, value=164880.0","Standard Selling: 300.0 MZN"
"SH151138-2MS","2026061151138","SH151138-2MS-5","Preto","SH151138-2MS-PR","","/assets/solua_home/images/curtain_cards/curtain-swatch-preto.png","根","229","Stores - SH: qty=0.0, rate=229.0, value=0.0 | Receiving - SH: qty=1200.0, rate=229.0, value=274800.0","Standard Selling: 300.0 MZN"
